Instance Type,Version,Edition,VCPU,Memory,Bandwidth,IOPS,Throughput,Maxthroughput,Size,Class,GP3,IO2,RDSCustom,Current,Ratio,instancetype,Nitro
db.m5d.large   ,12,SE,2,8,4750,18750,594,594,large,m5d,16000,18750,N,Y,4,G,Y
db.m5d.large   ,13,SE,2,8,4750,18750,594,594,large,m5d,16000,18750,N,Y,4,G,Y
db.m5d.large   ,14,SE,2,8,4750,18750,594,594,large,m5d,16000,18750,N,Y,4,G,Y
db.m5d.large   ,15,SE,2,8,4750,18750,594,594,large,m5d,16000,18750,N,Y,4,G,Y
db.m5d.large   ,16,SE,2,8,4750,18750,594,594,large,m5d,16000,18750,N,Y,4,G,Y
db.r5b.large   ,12,SE,2,16,10000,43333,1250,1000,large,r5b,16000,43333,Y,Y,8,M,Y
db.r5b.large   ,13,SE,2,16,10000,43333,1250,1000,large,r5b,16000,43333,Y,Y,8,M,Y
db.r5b.large   ,14,SE,2,16,10000,43333,1250,1000,large,r5b,16000,43333,Y,Y,8,M,Y
db.r5b.large   ,15,SE,2,16,10000,43333,1250,1000,large,r5b,16000,43333,Y,Y,8,M,Y
db.r5b.large   ,16,SE,2,16,10000,43333,1250,1000,large,r5b,16000,43333,Y,Y,8,M,Y
db.r5d.large   ,12,SE,2,16,4750,18750,594,594,large,r5d,16000,18750,N,Y,8,M,Y
db.r5d.large   ,13,SE,2,16,4750,18750,594,594,large,r5d,16000,18750,N,Y,8,M,Y
db.r5d.large   ,14,SE,2,16,4750,18750,594,594,large,r5d,16000,18750,N,Y,8,M,Y
db.r5d.large   ,15,SE,2,16,4750,18750,594,594,large,r5d,16000,18750,N,Y,8,M,Y
db.r5d.large   ,16,SE,2,16,4750,18750,594,594,large,r5d,16000,18750,N,Y,8,M,Y
db.z1d.large   ,13,SE,2,16,3170,13333,396,396,large,z1d,13333,13333,Y,Y,8,M,Y
db.z1d.large   ,14,SE,2,16,3170,13333,396,396,large,z1d,13333,13333,Y,Y,8,M,Y
db.z1d.large   ,15,SE,2,16,3170,13333,396,396,large,z1d,13333,13333,Y,Y,8,M,Y
db.z1d.large   ,16,SE,2,16,3170,13333,396,396,large,z1d,13333,13333,Y,Y,8,M,Y
db.m5d.xlarge  ,12,EE,4,16,4750,18750,594,594,xlarge,m5d,16000,18750,N,Y,4,G,Y
db.m5d.xlarge  ,12,SE,4,16,4750,18750,594,594,xlarge,m5d,16000,18750,N,Y,4,G,Y
db.m5d.xlarge  ,13,EE,4,16,4750,18750,594,594,xlarge,m5d,16000,18750,N,Y,4,G,Y
db.m5d.xlarge  ,13,SE,4,16,4750,18750,594,594,xlarge,m5d,16000,18750,N,Y,4,G,Y
db.m5d.xlarge  ,14,EE,4,16,4750,18750,594,594,xlarge,m5d,16000,18750,N,Y,4,G,Y
db.m5d.xlarge  ,14,SE,4,16,4750,18750,594,594,xlarge,m5d,16000,18750,N,Y,4,G,Y
db.m5d.xlarge  ,15,EE,4,16,4750,18750,594,594,xlarge,m5d,16000,18750,N,Y,4,G,Y
db.m5d.xlarge  ,15,SE,4,16,4750,18750,594,594,xlarge,m5d,16000,18750,N,Y,4,G,Y
db.m5d.xlarge  ,16,EE,4,16,4750,18750,594,594,xlarge,m5d,16000,18750,N,Y,4,G,Y
db.m5d.xlarge  ,16,SE,4,16,4750,18750,594,594,xlarge,m5d,16000,18750,N,Y,4,G,Y
db.m6i.xlarge   ,12,EE,4,16,10000,40000,1250,1000,xlarge,m6i,16000,40000,Y,Y,4,G,Y
db.m6i.xlarge   ,12,SE,4,16,10000,40000,1250,1000,xlarge,m6i,16000,40000,Y,Y,4,G,Y
db.m6i.xlarge   ,13,EE,4,16,10000,40000,1250,1000,xlarge,m6i,16000,40000,Y,Y,4,G,Y
db.m6i.xlarge   ,13,SE,4,16,10000,40000,1250,1000,xlarge,m6i,16000,40000,Y,Y,4,G,Y
db.m6i.xlarge   ,14,EE,4,16,10000,40000,1250,1000,xlarge,m6i,16000,40000,Y,Y,4,G,Y
db.m6i.xlarge   ,14,SE,4,16,10000,40000,1250,1000,xlarge,m6i,16000,40000,Y,Y,4,G,Y
db.m6i.xlarge   ,15,EE,4,16,10000,40000,1250,1000,xlarge,m6i,16000,40000,Y,Y,4,G,Y
db.m6i.xlarge   ,15,SE,4,16,10000,40000,1250,1000,xlarge,m6i,16000,40000,Y,Y,4,G,Y
db.m6i.xlarge   ,16,EE,4,16,10000,40000,1250,1000,xlarge,m6i,16000,40000,Y,Y,4,G,Y
db.m6i.xlarge   ,16,SE,4,16,10000,40000,1250,1000,xlarge,m6i,16000,40000,Y,Y,4,G,Y
db.r5b.xlarge  ,12,EE,4,32,10000,43333,1250,1000,xlarge,r5b,16000,43333,Y,Y,8,M,Y
db.r5b.xlarge  ,12,SE,4,32,10000,43333,1250,1000,xlarge,r5b,16000,43333,Y,Y,8,M,Y
db.r5b.xlarge  ,13,EE,4,32,10000,43333,1250,1000,xlarge,r5b,16000,43333,Y,Y,8,M,Y
db.r5b.xlarge  ,13,SE,4,32,10000,43333,1250,1000,xlarge,r5b,16000,43333,Y,Y,8,M,Y
db.r5b.xlarge  ,14,EE,4,32,10000,43333,1250,1000,xlarge,r5b,16000,43333,Y,Y,8,M,Y
db.r5b.xlarge  ,14,SE,4,32,10000,43333,1250,1000,xlarge,r5b,16000,43333,Y,Y,8,M,Y
db.r5b.xlarge  ,15,EE,4,32,10000,43333,1250,1000,xlarge,r5b,16000,43333,Y,Y,8,M,Y
db.r5b.xlarge  ,15,SE,4,32,10000,43333,1250,1000,xlarge,r5b,16000,43333,Y,Y,8,M,Y
db.r5b.xlarge  ,16,EE,4,32,10000,43333,1250,1000,xlarge,r5b,16000,43333,Y,Y,8,M,Y
db.r5b.xlarge  ,16,SE,4,32,10000,43333,1250,1000,xlarge,r5b,16000,43333,Y,Y,8,M,Y
db.r5d.xlarge  ,12,EE,4,32,4750,18750,594,594,xlarge,r5d,16000,18750,N,Y,8,M,Y
db.r5d.xlarge  ,12,SE,4,32,4750,18750,594,594,xlarge,r5d,16000,18750,N,Y,8,M,Y
db.r5d.xlarge  ,13,EE,4,32,4750,18750,594,594,xlarge,r5d,16000,18750,N,Y,8,M,Y
db.r5d.xlarge  ,13,SE,4,32,4750,18750,594,594,xlarge,r5d,16000,18750,N,Y,8,M,Y
db.r5d.xlarge  ,14,EE,4,32,4750,18750,594,594,xlarge,r5d,16000,18750,N,Y,8,M,Y
db.r5d.xlarge  ,14,SE,4,32,4750,18750,594,594,xlarge,r5d,16000,18750,N,Y,8,M,Y
db.r5d.xlarge  ,15,EE,4,32,4750,18750,594,594,xlarge,r5d,16000,18750,N,Y,8,M,Y
db.r5d.xlarge  ,15,SE,4,32,4750,18750,594,594,xlarge,r5d,16000,18750,N,Y,8,M,Y
db.r5d.xlarge  ,16,EE,4,32,4750,18750,594,594,xlarge,r5d,16000,18750,N,Y,8,M,Y
db.r5d.xlarge  ,16,SE,4,32,4750,18750,594,594,xlarge,r5d,16000,18750,N,Y,8,M,Y
db.r6i.xlarge   ,12,EE,4,32,10000,40000,1250,1000,xlarge,r6i,16000,40000,Y,Y,8,M,Y
db.r6i.xlarge   ,12,SE,4,32,10000,40000,1250,1000,xlarge,r6i,16000,40000,Y,Y,8,M,Y
db.r6i.xlarge   ,13,EE,4,32,10000,40000,1250,1000,xlarge,r6i,16000,40000,Y,Y,8,M,Y
db.r6i.xlarge   ,13,SE,4,32,10000,40000,1250,1000,xlarge,r6i,16000,40000,Y,Y,8,M,Y
db.r6i.xlarge   ,14,EE,4,32,10000,40000,1250,1000,xlarge,r6i,16000,40000,Y,Y,8,M,Y
db.r6i.xlarge   ,14,SE,4,32,10000,40000,1250,1000,xlarge,r6i,16000,40000,Y,Y,8,M,Y
db.r6i.xlarge   ,15,EE,4,32,10000,40000,1250,1000,xlarge,r6i,16000,40000,Y,Y,8,M,Y
db.r6i.xlarge   ,15,SE,4,32,10000,40000,1250,1000,xlarge,r6i,16000,40000,Y,Y,8,M,Y
db.r6i.xlarge   ,16,EE,4,32,10000,40000,1250,1000,xlarge,r6i,16000,40000,Y,Y,8,M,Y
db.r6i.xlarge   ,16,SE,4,32,10000,40000,1250,1000,xlarge,r6i,16000,40000,Y,Y,8,M,Y
db.t3.xlarge   ,12,EE,4,16,2780,15700,348,348,xlarge,t3,15700,32000,N,Y,4,G,N
db.t3.xlarge   ,12,SE,4,16,2780,15700,348,348,xlarge,t3,15700,32000,N,Y,4,G,N
db.t3.xlarge   ,13,EE,4,16,2780,15700,348,348,xlarge,t3,15700,32000,N,Y,4,G,N
db.t3.xlarge   ,13,SE,4,16,2780,15700,348,348,xlarge,t3,15700,32000,N,Y,4,G,N
db.t3.xlarge   ,14,EE,4,16,2780,15700,348,348,xlarge,t3,15700,32000,N,Y,4,G,N
db.t3.xlarge   ,14,SE,4,16,2780,15700,348,348,xlarge,t3,15700,32000,N,Y,4,G,N
db.t3.xlarge   ,15,EE,4,16,2780,15700,348,348,xlarge,t3,15700,32000,N,Y,4,G,N
db.t3.xlarge   ,15,SE,4,16,2780,15700,348,348,xlarge,t3,15700,32000,N,Y,4,G,N
db.t3.xlarge   ,16,EE,4,16,2780,15700,348,348,xlarge,t3,15700,32000,N,Y,4,G,N
db.t3.xlarge   ,16,SE,4,16,2780,15700,348,348,xlarge,t3,15700,32000,N,Y,4,G,N
db.x2iedn.xlarge,12,EE,4,128,2500,8125,313,2500,xlarge,x2iedn,3700,65000,Y,Y,32,M,Y
db.x2iedn.xlarge,12,SE,4,128,2500,8125,313,2500,xlarge,x2iedn,3700,65000,Y,Y,32,M,Y
db.x2iedn.xlarge,13,EE,4,128,2500,8125,313,2500,xlarge,x2iedn,3700,65000,Y,Y,32,M,Y
db.x2iedn.xlarge,13,SE,4,128,2500,8125,313,2500,xlarge,x2iedn,3700,65000,Y,Y,32,M,Y
db.x2iedn.xlarge,14,EE,4,128,2500,8125,313,2500,xlarge,x2iedn,3700,65000,Y,Y,32,M,Y
db.x2iedn.xlarge,14,SE,4,128,2500,8125,313,2500,xlarge,x2iedn,3700,65000,Y,Y,32,M,Y
db.x2iedn.xlarge,15,EE,4,128,2500,8125,313,2500,xlarge,x2iedn,3700,65000,Y,Y,32,M,Y
db.x2iedn.xlarge,15,SE,4,128,2500,8125,313,2500,xlarge,x2iedn,3700,65000,Y,Y,32,M,Y
db.x2iedn.xlarge,16,EE,4,128,2500,8125,313,2500,xlarge,x2iedn,3700,65000,Y,Y,32,M,Y
db.x2iedn.xlarge,16,SE,4,128,2500,8125,313,2500,xlarge,x2iedn,3700,65000,Y,Y,32,M,Y
db.z1d.xlarge  ,13,EE,4,32,3170,13333,396,396,xlarge,z1d,13333,13333,Y,Y,8,M,Y
db.z1d.xlarge  ,13,SE,4,32,3170,13333,396,396,xlarge,z1d,13333,13333,Y,Y,8,M,Y
db.z1d.xlarge  ,14,EE,4,32,3170,13333,396,396,xlarge,z1d,13333,13333,Y,Y,8,M,Y
db.z1d.xlarge  ,14,SE,4,32,3170,13333,396,396,xlarge,z1d,13333,13333,Y,Y,8,M,Y
db.z1d.xlarge ,15,EE,4,32,3170,13333,396,396,xlarge,z1d,13333,13333,Y,Y,8,M,Y
db.z1d.xlarge ,15,SE,4,32,3170,13333,396,396,xlarge,z1d,13333,13333,Y,Y,8,M,Y
db.z1d.xlarge  ,16,EE,4,32,3170,13333,396,396,xlarge,z1d,13333,13333,Y,Y,8,M,Y
db.z1d.xlarge  ,16,SE,4,32,3170,13333,396,396,xlarge,z1d,13333,13333,Y,Y,8,M,Y
db.m5d.2xlarge ,12,EE,8,32,4750,18750,594,594,2xlarge,m5d,16000,18750,N,Y,4,G,Y
db.m5d.2xlarge ,12,SE,8,32,4750,18750,594,594,2xlarge,m5d,16000,18750,N,Y,4,G,Y
db.m5d.2xlarge ,13,EE,8,32,4750,18750,594,594,2xlarge,m5d,16000,18750,N,Y,4,G,Y
db.m5d.2xlarge ,13,SE,8,32,4750,18750,594,594,2xlarge,m5d,16000,18750,N,Y,4,G,Y
db.m5d.2xlarge ,14,EE,8,32,4750,18750,594,594,2xlarge,m5d,16000,18750,N,Y,4,G,Y
db.m5d.2xlarge ,14,SE,8,32,4750,18750,594,594,2xlarge,m5d,16000,18750,N,Y,4,G,Y
db.m5d.2xlarge ,15,EE,8,32,4750,18750,594,594,2xlarge,m5d,16000,18750,N,Y,4,G,Y
db.m5d.2xlarge ,15,SE,8,32,4750,18750,594,594,2xlarge,m5d,16000,18750,N,Y,4,G,Y
db.m5d.2xlarge ,16,EE,8,32,4750,18750,594,594,2xlarge,m5d,16000,18750,N,Y,4,G,Y
db.m5d.2xlarge ,16,SE,8,32,4750,18750,594,594,2xlarge,m5d,16000,18750,N,Y,4,G,Y
db.m6i.2xlarge  ,12,EE,8,32,10000,40000,1250,1000,2xlarge,m6i,16000,40000,Y,Y,4,G,Y
db.m6i.2xlarge  ,12,SE,8,32,10000,40000,1250,1000,2xlarge,m6i,16000,40000,Y,Y,4,G,Y
db.m6i.2xlarge  ,13,EE,8,32,10000,40000,1250,1000,2xlarge,m6i,16000,40000,Y,Y,4,G,Y
db.m6i.2xlarge  ,13,SE,8,32,10000,40000,1250,1000,2xlarge,m6i,16000,40000,Y,Y,4,G,Y
db.m6i.2xlarge  ,14,EE,8,32,10000,40000,1250,1000,2xlarge,m6i,16000,40000,Y,Y,4,G,Y
db.m6i.2xlarge  ,14,SE,8,32,10000,40000,1250,1000,2xlarge,m6i,16000,40000,Y,Y,4,G,Y
db.m6i.2xlarge  ,15,EE,8,32,10000,40000,1250,1000,2xlarge,m6i,16000,40000,Y,Y,4,G,Y
db.m6i.2xlarge  ,15,SE,8,32,10000,40000,1250,1000,2xlarge,m6i,16000,40000,Y,Y,4,G,Y
db.m6i.2xlarge  ,16,EE,8,32,10000,40000,1250,1000,2xlarge,m6i,16000,40000,Y,Y,4,G,Y
db.m6i.2xlarge  ,16,SE,8,32,10000,40000,1250,1000,2xlarge,m6i,16000,40000,Y,Y,4,G,Y
db.r5b.2xlarge ,12,EE,8,64,10000,43333,1250,1000,2xlarge,r5b,16000,43333,Y,Y,8,M,Y
db.r5b.2xlarge ,12,SE,8,64,10000,43333,1250,1000,2xlarge,r5b,16000,43333,Y,Y,8,M,Y
db.r5b.2xlarge ,13,EE,8,64,10000,43333,1250,1000,2xlarge,r5b,16000,43333,Y,Y,8,M,Y
db.r5b.2xlarge ,13,SE,8,64,10000,43333,1250,1000,2xlarge,r5b,16000,43333,Y,Y,8,M,Y
db.r5b.2xlarge ,14,EE,8,64,10000,43333,1250,1000,2xlarge,r5b,16000,43333,Y,Y,8,M,Y
db.r5b.2xlarge ,14,SE,8,64,10000,43333,1250,1000,2xlarge,r5b,16000,43333,Y,Y,8,M,Y
db.r5b.2xlarge ,15,EE,8,64,10000,43333,1250,1000,2xlarge,r5b,16000,43333,Y,Y,8,M,Y
db.r5b.2xlarge ,15,SE,8,64,10000,43333,1250,1000,2xlarge,r5b,16000,43333,Y,Y,8,M,Y
db.r5b.2xlarge ,16,EE,8,64,10000,43333,1250,1000,2xlarge,r5b,16000,43333,Y,Y,8,M,Y
db.r5b.2xlarge ,16,SE,8,64,10000,43333,1250,1000,2xlarge,r5b,16000,43333,Y,Y,8,M,Y
db.r5d.2xlarge ,12,EE,8,64,4750,18750,594,594,2xlarge,r5d,16000,18750,N,Y,8,M,Y
db.r5d.2xlarge ,12,SE,8,64,4750,18750,594,594,2xlarge,r5d,16000,18750,N,Y,8,M,Y
db.r5d.2xlarge ,13,EE,8,64,4750,18750,594,594,2xlarge,r5d,16000,18750,N,Y,8,M,Y
db.r5d.2xlarge ,13,SE,8,64,4750,18750,594,594,2xlarge,r5d,16000,18750,N,Y,8,M,Y
db.r5d.2xlarge ,14,EE,8,64,4750,18750,594,594,2xlarge,r5d,16000,18750,N,Y,8,M,Y
db.r5d.2xlarge ,14,SE,8,64,4750,18750,594,594,2xlarge,r5d,16000,18750,N,Y,8,M,Y
db.r5d.2xlarge ,15,EE,8,64,4750,18750,594,594,2xlarge,r5d,16000,18750,N,Y,8,M,Y
db.r5d.2xlarge ,15,SE,8,64,4750,18750,594,594,2xlarge,r5d,16000,18750,N,Y,8,M,Y
db.r5d.2xlarge ,16,EE,8,64,4750,18750,594,594,2xlarge,r5d,16000,18750,N,Y,8,M,Y
db.r5d.2xlarge ,16,SE,8,64,4750,18750,594,594,2xlarge,r5d,16000,18750,N,Y,8,M,Y
db.r6i.2xlarge  ,12,EE,8,64,10000,40000,1250,1000,2xlarge,r6i,16000,40000,Y,Y,8,M,Y
db.r6i.2xlarge  ,12,SE,8,64,10000,40000,1250,1000,2xlarge,r6i,16000,40000,Y,Y,8,M,Y
db.r6i.2xlarge  ,13,EE,8,64,10000,40000,1250,1000,2xlarge,r6i,16000,40000,Y,Y,8,M,Y
db.r6i.2xlarge  ,13,SE,8,64,10000,40000,1250,1000,2xlarge,r6i,16000,40000,Y,Y,8,M,Y
db.r6i.2xlarge  ,14,EE,8,64,10000,40000,1250,1000,2xlarge,r6i,16000,40000,Y,Y,8,M,Y
db.r6i.2xlarge  ,14,SE,8,64,10000,40000,1250,1000,2xlarge,r6i,16000,40000,Y,Y,8,M,Y
db.r6i.2xlarge  ,15,EE,8,64,10000,40000,1250,1000,2xlarge,r6i,16000,40000,Y,Y,8,M,Y
db.r6i.2xlarge  ,15,SE,8,64,10000,40000,1250,1000,2xlarge,r6i,16000,40000,Y,Y,8,M,Y
db.r6i.2xlarge  ,16,EE,8,64,10000,40000,1250,1000,2xlarge,r6i,16000,40000,Y,Y,8,M,Y
db.r6i.2xlarge  ,16,SE,8,64,10000,40000,1250,1000,2xlarge,r6i,16000,40000,Y,Y,8,M,Y
db.t3.2xlarge  ,12,EE,8,32,2780,15700,348,348,2xlarge,t3,15700,32000,N,Y,4,G,N
db.t3.2xlarge  ,12,SE,8,32,2780,15700,348,348,2xlarge,t3,15700,32000,N,Y,4,G,N
db.t3.2xlarge  ,13,EE,8,32,2780,15700,348,348,2xlarge,t3,15700,32000,N,Y,4,G,N
db.t3.2xlarge  ,13,SE,8,32,2780,15700,348,348,2xlarge,t3,15700,32000,N,Y,4,G,N
db.t3.2xlarge  ,14,EE,8,32,2780,15700,348,348,2xlarge,t3,15700,32000,N,Y,4,G,N
db.t3.2xlarge  ,14,SE,8,32,2780,15700,348,348,2xlarge,t3,15700,32000,N,Y,4,G,N
db.t3.2xlarge  ,15,EE,8,32,2780,15700,348,348,2xlarge,t3,15700,32000,N,Y,4,G,N
db.t3.2xlarge  ,15,SE,8,32,2780,15700,348,348,2xlarge,t3,15700,32000,N,Y,4,G,N
db.t3.2xlarge  ,16,EE,8,32,2780,15700,348,348,2xlarge,t3,15700,32000,N,Y,4,G,N
db.t3.2xlarge  ,16,SE,8,32,2780,15700,348,348,2xlarge,t3,15700,32000,N,Y,4,G,N
db.x2iedn.2xlarge,12,EE,8,256,5000,16250,625,2500,2xlarge,x2iedn,7400,65000,Y,Y,32,M,Y
db.x2iedn.2xlarge,12,SE,8,256,5000,16250,625,2500,2xlarge,x2iedn,7400,65000,Y,Y,32,M,Y
db.x2iedn.2xlarge,13,EE,8,256,5000,16250,625,2500,2xlarge,x2iedn,7400,65000,Y,Y,32,M,Y
db.x2iedn.2xlarge,13,SE,8,256,5000,16250,625,2500,2xlarge,x2iedn,7400,65000,Y,Y,32,M,Y
db.x2iedn.2xlarge,14,EE,8,256,5000,16250,625,2500,2xlarge,x2iedn,7400,65000,Y,Y,32,M,Y
db.x2iedn.2xlarge,14,SE,8,256,5000,16250,625,2500,2xlarge,x2iedn,7400,65000,Y,Y,32,M,Y
db.x2iedn.2xlarge,15,EE,8,256,5000,16250,625,2500,2xlarge,x2iedn,7400,65000,Y,Y,32,M,Y
db.x2iedn.2xlarge,15,SE,8,256,5000,16250,625,2500,2xlarge,x2iedn,7400,65000,Y,Y,32,M,Y
db.x2iedn.2xlarge,16,EE,8,256,5000,16250,625,2500,2xlarge,x2iedn,7400,65000,Y,Y,32,M,Y
db.x2iedn.2xlarge,16,SE,8,256,5000,16250,625,2500,2xlarge,x2iedn,7400,65000,Y,Y,32,M,Y
db.z1d.2xlarge ,13,EE,8,64,3170,13333,396,396,2xlarge,z1d,13333,13333,Y,Y,8,M,Y
db.z1d.2xlarge ,13,SE,8,64,3170,13333,396,396,2xlarge,z1d,13333,13333,Y,Y,8,M,Y
db.z1d.2xlarge ,14,EE,8,64,3170,13333,396,396,2xlarge,z1d,13333,13333,Y,Y,8,M,Y
db.z1d.2xlarge ,14,SE,8,64,3170,13333,396,396,2xlarge,z1d,13333,13333,Y,Y,8,M,Y
db.z1d.2xlarge ,15,EE,8,64,3170,13333,396,396,2xlarge,z1d,13333,13333,Y,Y,8,M,Y
db.z1d.2xlarge ,15,SE,8,64,3170,13333,396,396,2xlarge,z1d,13333,13333,Y,Y,8,M,Y
db.z1d.2xlarge ,16,EE,8,64,3170,13333,396,396,2xlarge,z1d,13333,13333,Y,Y,8,M,Y
db.z1d.2xlarge ,16,SE,8,64,3170,13333,396,396,2xlarge,z1d,13333,13333,Y,Y,8,M,Y
db.z1d.3xlarge ,13,EE,12,96,4750,20000,594,593,3xlarge,z1d,16000,20000,Y,Y,8,M,Y
db.z1d.3xlarge ,13,SE,12,96,4750,20000,594,593,3xlarge,z1d,16000,20000,Y,Y,8,M,Y
db.z1d.3xlarge ,14,EE,12,96,4750,20000,594,593,3xlarge,z1d,16000,20000,Y,Y,8,M,Y
db.z1d.3xlarge ,14,SE,12,96,4750,20000,594,593,3xlarge,z1d,16000,20000,Y,Y,8,M,Y
db.z1d.3xlarge ,15,EE,12,96,4750,20000,594,593,3xlarge,z1d,16000,20000,Y,Y,8,M,Y
db.z1d.3xlarge ,15,SE,12,96,4750,20000,594,593,3xlarge,z1d,16000,20000,Y,Y,8,M,Y
db.z1d.3xlarge ,16,EE,12,96,4750,20000,594,593,3xlarge,z1d,16000,20000,Y,Y,8,M,Y
db.z1d.3xlarge ,16,SE,12,96,4750,20000,594,593,3xlarge,z1d,16000,20000,Y,Y,8,M,Y
db.m5d.4xlarge ,12,EE,16,64,4750,18750,594,593,4xlarge,m5d,16000,18750,N,Y,4,G,Y
db.m5d.4xlarge ,12,SE,16,64,4750,18750,594,593,4xlarge,m5d,16000,18750,N,Y,4,G,Y
db.m5d.4xlarge ,13,EE,16,64,4750,18750,594,593,4xlarge,m5d,16000,18750,N,Y,4,G,Y
db.m5d.4xlarge ,13,SE,16,64,4750,18750,594,593,4xlarge,m5d,16000,18750,N,Y,4,G,Y
db.m5d.4xlarge ,14,EE,16,64,4750,18750,594,593,4xlarge,m5d,16000,18750,N,Y,4,G,Y
db.m5d.4xlarge ,14,SE,16,64,4750,18750,594,593,4xlarge,m5d,16000,18750,N,Y,4,G,Y
db.m5d.4xlarge ,15,EE,16,64,4750,18750,594,593,4xlarge,m5d,16000,18750,N,Y,4,G,Y
db.m5d.4xlarge ,15,SE,16,64,4750,18750,594,593,4xlarge,m5d,16000,18750,N,Y,4,G,Y
db.m5d.4xlarge ,16,EE,16,64,4750,18750,594,593,4xlarge,m5d,16000,18750,N,Y,4,G,Y
db.m5d.4xlarge ,16,SE,16,64,4750,18750,594,593,4xlarge,m5d,16000,18750,N,Y,4,G,Y
db.m6i.4xlarge  ,12,EE,16,64,10000,40000,1250,1000,4xlarge,m6i,16000,40000,Y,Y,4,G,Y
db.m6i.4xlarge  ,12,SE,16,64,10000,40000,1250,1000,4xlarge,m6i,16000,40000,Y,Y,4,G,Y
db.m6i.4xlarge  ,13,EE,16,64,10000,40000,1250,1000,4xlarge,m6i,16000,40000,Y,Y,4,G,Y
db.m6i.4xlarge  ,13,SE,16,64,10000,40000,1250,1000,4xlarge,m6i,16000,40000,Y,Y,4,G,Y
db.m6i.4xlarge  ,14,EE,16,64,10000,40000,1250,1000,4xlarge,m6i,16000,40000,Y,Y,4,G,Y
db.m6i.4xlarge  ,14,SE,16,64,10000,40000,1250,1000,4xlarge,m6i,16000,40000,Y,Y,4,G,Y
db.m6i.4xlarge  ,15,EE,16,64,10000,40000,1250,1000,4xlarge,m6i,16000,40000,Y,Y,4,G,Y
db.m6i.4xlarge  ,15,SE,16,64,10000,40000,1250,1000,4xlarge,m6i,16000,40000,Y,Y,4,G,Y
db.m6i.4xlarge  ,16,EE,16,64,10000,40000,1250,1000,4xlarge,m6i,16000,40000,Y,Y,4,G,Y
db.m6i.4xlarge  ,16,SE,16,64,10000,40000,1250,1000,4xlarge,m6i,16000,40000,Y,Y,4,G,Y
db.r5b.4xlarge ,12,EE,16,128,10000,43333,1250,1250,4xlarge,r5b,16000,43333,Y,Y,8,M,Y
db.r5b.4xlarge ,12,SE,16,128,10000,43333,1250,1250,4xlarge,r5b,16000,43333,Y,Y,8,M,Y
db.r5b.4xlarge ,13,EE,16,128,10000,43333,1250,1250,4xlarge,r5b,16000,43333,Y,Y,8,M,Y
db.r5b.4xlarge ,13,SE,16,128,10000,43333,1250,1250,4xlarge,r5b,16000,43333,Y,Y,8,M,Y
db.r5b.4xlarge ,14,EE,16,128,10000,43333,1250,1250,4xlarge,r5b,16000,43333,Y,Y,8,M,Y
db.r5b.4xlarge ,14,SE,16,128,10000,43333,1250,1250,4xlarge,r5b,16000,43333,Y,Y,8,M,Y
db.r5b.4xlarge ,15,EE,16,128,10000,43333,1250,1250,4xlarge,r5b,16000,43333,Y,Y,8,M,Y
db.r5b.4xlarge ,15,SE,16,128,10000,43333,1250,1250,4xlarge,r5b,16000,43333,Y,Y,8,M,Y
db.r5b.4xlarge ,16,EE,16,128,10000,43333,1250,1250,4xlarge,r5b,16000,43333,Y,Y,8,M,Y
db.r5b.4xlarge ,16,SE,16,128,10000,43333,1250,1250,4xlarge,r5b,16000,43333,Y,Y,8,M,Y
db.r5d.4xlarge ,12,EE,16,128,4750,18750,594,593,4xlarge,r5d,16000,18750,N,Y,8,M,Y
db.r5d.4xlarge ,12,SE,16,128,4750,18750,594,593,4xlarge,r5d,16000,18750,N,Y,8,M,Y
db.r5d.4xlarge ,13,EE,16,128,4750,18750,594,593,4xlarge,r5d,16000,18750,N,Y,8,M,Y
db.r5d.4xlarge ,13,SE,16,128,4750,18750,594,593,4xlarge,r5d,16000,18750,N,Y,8,M,Y
db.r5d.4xlarge ,14,EE,16,128,4750,18750,594,593,4xlarge,r5d,16000,18750,N,Y,8,M,Y
db.r5d.4xlarge ,14,SE,16,128,4750,18750,594,593,4xlarge,r5d,16000,18750,N,Y,8,M,Y
db.r5d.4xlarge ,15,EE,16,128,4750,18750,594,593,4xlarge,r5d,16000,18750,N,Y,8,M,Y
db.r5d.4xlarge ,15,SE,16,128,4750,18750,594,593,4xlarge,r5d,16000,18750,N,Y,8,M,Y
db.r5d.4xlarge ,16,EE,16,128,4750,18750,594,593,4xlarge,r5d,16000,18750,N,Y,8,M,Y
db.r5d.4xlarge ,16,SE,16,128,4750,18750,594,593,4xlarge,r5d,16000,18750,N,Y,8,M,Y
db.r6i.4xlarge  ,12,EE,16,128,10000,40000,1250,1000,4xlarge,r6i,16000,40000,Y,Y,8,M,Y
db.r6i.4xlarge  ,12,SE,16,128,10000,40000,1250,1000,4xlarge,r6i,16000,40000,Y,Y,8,M,Y
db.r6i.4xlarge  ,13,EE,16,128,10000,40000,1250,1000,4xlarge,r6i,16000,40000,Y,Y,8,M,Y
db.r6i.4xlarge  ,13,SE,16,128,10000,40000,1250,1000,4xlarge,r6i,16000,40000,Y,Y,8,M,Y
db.r6i.4xlarge  ,14,EE,16,128,10000,40000,1250,1000,4xlarge,r6i,16000,40000,Y,Y,8,M,Y
db.r6i.4xlarge  ,14,SE,16,128,10000,40000,1250,1000,4xlarge,r6i,16000,40000,Y,Y,8,M,Y
db.r6i.4xlarge  ,15,EE,16,128,10000,40000,1250,1000,4xlarge,r6i,16000,40000,Y,Y,8,M,Y
db.r6i.4xlarge  ,15,SE,16,128,10000,40000,1250,1000,4xlarge,r6i,16000,40000,Y,Y,8,M,Y
db.r6i.4xlarge  ,16,EE,16,128,10000,40000,1250,1000,4xlarge,r6i,16000,40000,Y,Y,8,M,Y
db.r6i.4xlarge  ,16,SE,16,128,10000,40000,1250,1000,4xlarge,r6i,16000,40000,Y,Y,8,M,Y
db.x2iedn.4xlarge,12,EE,16,512,10000,32500,1250,2500,4xlarge,x2iedn,10000,65000,Y,Y,32,M,Y
db.x2iedn.4xlarge,12,SE,16,512,10000,32500,1250,2500,4xlarge,x2iedn,10000,65000,Y,Y,32,M,Y
db.x2iedn.4xlarge,13,EE,16,512,10000,32500,1250,2500,4xlarge,x2iedn,10000,65000,Y,Y,32,M,Y
db.x2iedn.4xlarge,13,SE,16,512,10000,32500,1250,2500,4xlarge,x2iedn,10000,65000,Y,Y,32,M,Y
db.x2iedn.4xlarge,14,EE,16,512,10000,32500,1250,2500,4xlarge,x2iedn,10000,65000,Y,Y,32,M,Y
db.x2iedn.4xlarge,14,SE,16,512,10000,32500,1250,2500,4xlarge,x2iedn,10000,65000,Y,Y,32,M,Y
db.x2iedn.4xlarge,15,EE,16,512,10000,32500,1250,2500,4xlarge,x2iedn,10000,65000,Y,Y,32,M,Y
db.x2iedn.4xlarge,15,SE,16,512,10000,32500,1250,2500,4xlarge,x2iedn,10000,65000,Y,Y,32,M,Y
db.x2iedn.4xlarge,16,EE,16,512,10000,32500,1250,2500,4xlarge,x2iedn,10000,65000,Y,Y,32,M,Y
db.x2iedn.4xlarge,16,SE,16,512,10000,32500,1250,2500,4xlarge,x2iedn,10000,65000,Y,Y,32,M,Y
db.z1d.6xlarge ,13,EE,24,192,9500,40000,1188,1187,6xlarge,z1d,16000,40000,Y,Y,8,M,Y
db.z1d.6xlarge ,13,SE,24,192,9500,40000,1188,1187,6xlarge,z1d,16000,40000,Y,Y,8,M,Y
db.z1d.6xlarge ,14,EE,24,192,9500,40000,1188,1187,6xlarge,z1d,16000,40000,Y,Y,8,M,Y
db.z1d.6xlarge ,14,SE,24,192,9500,40000,1188,1187,6xlarge,z1d,16000,40000,Y,Y,8,M,Y
db.z1d.6xlarge ,15,EE,24,192,9500,40000,1188,1187,6xlarge,z1d,16000,40000,Y,Y,8,M,Y
db.z1d.6xlarge ,15,SE,24,192,9500,40000,1188,1187,6xlarge,z1d,16000,40000,Y,Y,8,M,Y
db.z1d.6xlarge ,16,EE,24,192,9500,40000,1188,1187,6xlarge,z1d,16000,40000,Y,Y,8,M,Y
db.z1d.6xlarge ,16,SE,24,192,9500,40000,1188,1187,6xlarge,z1d,16000,40000,Y,Y,8,M,Y
db.m5d.8xlarge ,12,EE,32,128,6800,30000,850,850,8xlarge,m5d,16000,30000,N,Y,4,G,Y
db.m5d.8xlarge ,12,SE,32,128,6800,30000,850,850,8xlarge,m5d,16000,30000,N,Y,4,G,Y
db.m5d.8xlarge ,13,EE,32,128,6800,30000,850,850,8xlarge,m5d,16000,30000,N,Y,4,G,Y
db.m5d.8xlarge ,13,SE,32,128,6800,30000,850,850,8xlarge,m5d,16000,30000,N,Y,4,G,Y
db.m5d.8xlarge ,14,EE,32,128,6800,30000,850,850,8xlarge,m5d,16000,30000,N,Y,4,G,Y
db.m5d.8xlarge ,14,SE,32,128,6800,30000,850,850,8xlarge,m5d,16000,30000,N,Y,4,G,Y
db.m5d.8xlarge ,15,EE,32,128,6800,30000,850,850,8xlarge,m5d,16000,30000,N,Y,4,G,Y
db.m5d.8xlarge ,15,SE,32,128,6800,30000,850,850,8xlarge,m5d,16000,30000,N,Y,4,G,Y
db.m5d.8xlarge ,16,EE,32,128,6800,30000,850,850,8xlarge,m5d,16000,30000,N,Y,4,G,Y
db.m5d.8xlarge ,16,SE,32,128,6800,30000,850,850,8xlarge,m5d,16000,30000,N,Y,4,G,Y
db.m6i.8xlarge  ,12,EE,32,128,10000,40000,1250,1250,8xlarge,m6i,16000,40000,Y,Y,4,G,Y
db.m6i.8xlarge  ,12,SE,32,128,10000,40000,1250,1250,8xlarge,m6i,16000,40000,Y,Y,4,G,Y
db.m6i.8xlarge  ,13,EE,32,128,10000,40000,1250,1250,8xlarge,m6i,16000,40000,Y,Y,4,G,Y
db.m6i.8xlarge  ,13,SE,32,128,10000,40000,1250,1250,8xlarge,m6i,16000,40000,Y,Y,4,G,Y
db.m6i.8xlarge  ,14,EE,32,128,10000,40000,1250,1250,8xlarge,m6i,16000,40000,Y,Y,4,G,Y
db.m6i.8xlarge  ,14,SE,32,128,10000,40000,1250,1250,8xlarge,m6i,16000,40000,Y,Y,4,G,Y
db.m6i.8xlarge  ,15,EE,32,128,10000,40000,1250,1250,8xlarge,m6i,16000,40000,Y,Y,4,G,Y
db.m6i.8xlarge  ,15,SE,32,128,10000,40000,1250,1250,8xlarge,m6i,16000,40000,Y,Y,4,G,Y
db.m6i.8xlarge  ,16,EE,32,128,10000,40000,1250,1250,8xlarge,m6i,16000,40000,Y,Y,4,G,Y
db.m6i.8xlarge  ,16,SE,32,128,10000,40000,1250,1250,8xlarge,m6i,16000,40000,Y,Y,4,G,Y
db.r5b.8xlarge ,12,EE,32,256,20000,86667,2500,2500,8xlarge,r5b,16000,86667,Y,Y,8,M,Y
db.r5b.8xlarge ,12,SE,32,256,20000,86667,2500,2500,8xlarge,r5b,16000,86667,Y,Y,8,M,Y
db.r5b.8xlarge ,13,EE,32,256,20000,86667,2500,2500,8xlarge,r5b,16000,86667,Y,Y,8,M,Y
db.r5b.8xlarge ,13,SE,32,256,20000,86667,2500,2500,8xlarge,r5b,16000,86667,Y,Y,8,M,Y
db.r5b.8xlarge ,14,EE,32,256,20000,86667,2500,2500,8xlarge,r5b,16000,86667,Y,Y,8,M,Y
db.r5b.8xlarge ,14,SE,32,256,20000,86667,2500,2500,8xlarge,r5b,16000,86667,Y,Y,8,M,Y
db.r5b.8xlarge ,15,EE,32,256,20000,86667,2500,2500,8xlarge,r5b,16000,86667,Y,Y,8,M,Y
db.r5b.8xlarge ,15,SE,32,256,20000,86667,2500,2500,8xlarge,r5b,16000,86667,Y,Y,8,M,Y
db.r5b.8xlarge ,16,EE,32,256,20000,86667,2500,2500,8xlarge,r5b,16000,86667,Y,Y,8,M,Y
db.r5b.8xlarge ,16,SE,32,256,20000,86667,2500,2500,8xlarge,r5b,16000,86667,Y,Y,8,M,Y
db.r5d.8xlarge ,12,EE,32,256,6800,30000,850,850,8xlarge,r5d,16000,30000,N,Y,8,M,Y
db.r5d.8xlarge ,12,SE,32,256,6800,30000,850,850,8xlarge,r5d,16000,30000,N,Y,8,M,Y
db.r5d.8xlarge ,13,EE,32,256,6800,30000,850,850,8xlarge,r5d,16000,30000,N,Y,8,M,Y
db.r5d.8xlarge ,13,SE,32,256,6800,30000,850,850,8xlarge,r5d,16000,30000,N,Y,8,M,Y
db.r5d.8xlarge ,14,EE,32,256,6800,30000,850,850,8xlarge,r5d,16000,30000,N,Y,8,M,Y
db.r5d.8xlarge ,14,SE,32,256,6800,30000,850,850,8xlarge,r5d,16000,30000,N,Y,8,M,Y
db.r5d.8xlarge ,15,EE,32,256,6800,30000,850,850,8xlarge,r5d,16000,30000,N,Y,8,M,Y
db.r5d.8xlarge ,15,SE,32,256,6800,30000,850,850,8xlarge,r5d,16000,30000,N,Y,8,M,Y
db.r5d.8xlarge ,16,EE,32,256,6800,30000,850,850,8xlarge,r5d,16000,30000,N,Y,8,M,Y
db.r5d.8xlarge ,16,SE,32,256,6800,30000,850,850,8xlarge,r5d,16000,30000,N,Y,8,M,Y
db.r6i.8xlarge  ,12,EE,32,256,10000,40000,1250,1250,8xlarge,r6i,16000,40000,Y,Y,8,M,Y
db.r6i.8xlarge  ,12,SE,32,256,10000,40000,1250,1250,8xlarge,r6i,16000,40000,Y,Y,8,M,Y
db.r6i.8xlarge  ,13,EE,32,256,10000,40000,1250,1250,8xlarge,r6i,16000,40000,Y,Y,8,M,Y
db.r6i.8xlarge  ,13,SE,32,256,10000,40000,1250,1250,8xlarge,r6i,16000,40000,Y,Y,8,M,Y
db.r6i.8xlarge  ,14,EE,32,256,10000,40000,1250,1250,8xlarge,r6i,16000,40000,Y,Y,8,M,Y
db.r6i.8xlarge  ,14,SE,32,256,10000,40000,1250,1250,8xlarge,r6i,16000,40000,Y,Y,8,M,Y
db.r6i.8xlarge  ,15,EE,32,256,10000,40000,1250,1250,8xlarge,r6i,16000,40000,Y,Y,8,M,Y
db.r6i.8xlarge  ,15,SE,32,256,10000,40000,1250,1250,8xlarge,r6i,16000,40000,Y,Y,8,M,Y
db.r6i.8xlarge  ,16,EE,32,256,10000,40000,1250,1250,8xlarge,r6i,16000,40000,Y,Y,8,M,Y
db.r6i.8xlarge  ,16,SE,32,256,10000,40000,1250,1250,8xlarge,r6i,16000,40000,Y,Y,8,M,Y
db.x2iedn.8xlarge,12,EE,32,1024,20000,65000,2500,2500,8xlarge,x2iedn,16000,65000,Y,Y,32,M,Y
db.x2iedn.8xlarge,12,SE,32,1024,20000,65000,2500,2500,8xlarge,x2iedn,16000,65000,Y,Y,32,M,Y
db.x2iedn.8xlarge,13,EE,32,1024,20000,65000,2500,2500,8xlarge,x2iedn,16000,65000,Y,Y,32,M,Y
db.x2iedn.8xlarge,13,SE,32,1024,20000,65000,2500,2500,8xlarge,x2iedn,16000,65000,Y,Y,32,M,Y
db.x2iedn.8xlarge,14,EE,32,1024,20000,65000,2500,2500,8xlarge,x2iedn,16000,65000,Y,Y,32,M,Y
db.x2iedn.8xlarge,14,SE,32,1024,20000,65000,2500,2500,8xlarge,x2iedn,16000,65000,Y,Y,32,M,Y
db.x2iedn.8xlarge,15,EE,32,1024,20000,65000,2500,2500,8xlarge,x2iedn,16000,65000,Y,Y,32,M,Y
db.x2iedn.8xlarge,15,SE,32,1024,20000,65000,2500,2500,8xlarge,x2iedn,16000,65000,Y,Y,32,M,Y
db.x2iedn.8xlarge,16,EE,32,1024,20000,65000,2500,2500,8xlarge,x2iedn,16000,65000,Y,Y,32,M,Y
db.x2iedn.8xlarge,16,SE,32,1024,20000,65000,2500,2500,8xlarge,x2iedn,16000,65000,Y,Y,32,M,Y
db.m5d.12xlarge,12,EE,48,192,9500,40000,1188,1187,12xlarge,m5d,16000,40000,N,Y,4,G,Y
db.m5d.12xlarge,12,SE,48,192,9500,40000,1188,1187,12xlarge,m5d,16000,40000,N,Y,4,G,Y
db.m5d.12xlarge,13,EE,48,192,9500,40000,1188,1187,12xlarge,m5d,16000,40000,N,Y,4,G,Y
db.m5d.12xlarge,13,SE,48,192,9500,40000,1188,1187,12xlarge,m5d,16000,40000,N,Y,4,G,Y
db.m5d.12xlarge,14,EE,48,192,9500,40000,1188,1187,12xlarge,m5d,16000,40000,N,Y,4,G,Y
db.m5d.12xlarge,14,SE,48,192,9500,40000,1188,1187,12xlarge,m5d,16000,40000,N,Y,4,G,Y
db.m5d.12xlarge,15,EE,48,192,9500,40000,1188,1187,12xlarge,m5d,16000,40000,N,Y,4,G,Y
db.m5d.12xlarge,15,SE,48,192,9500,40000,1188,1187,12xlarge,m5d,16000,40000,N,Y,4,G,Y
db.m5d.12xlarge,16,EE,48,192,9500,40000,1188,1187,12xlarge,m5d,16000,40000,N,Y,4,G,Y
db.m5d.12xlarge,16,SE,48,192,9500,40000,1188,1187,12xlarge,m5d,16000,40000,N,Y,4,G,Y
db.m6i.12xlarge ,12,EE,48,192,15000,60000,1875,1875,12xlarge,m6i,16000,60000,Y,Y,4,G,Y
db.m6i.12xlarge ,13,EE,48,192,15000,60000,1875,1875,12xlarge,m6i,16000,60000,Y,Y,4,G,Y
db.m6i.12xlarge ,14,EE,48,192,15000,60000,1875,1875,12xlarge,m6i,16000,60000,Y,Y,4,G,Y
db.m6i.12xlarge ,15,EE,48,192,15000,60000,1875,1875,12xlarge,m6i,16000,60000,Y,Y,4,G,Y
db.m6i.12xlarge ,16,EE,48,192,15000,60000,1875,1875,12xlarge,m6i,16000,60000,Y,Y,4,G,Y
db.r5b.12xlarge,12,EE,48,384,30000,130000,3750,3750,12xlarge,r5b,16000,130000,Y,Y,8,M,Y
db.r5b.12xlarge,12,SE,48,384,30000,130000,3750,3750,12xlarge,r5b,16000,130000,Y,Y,8,M,Y
db.r5b.12xlarge,13,EE,48,384,30000,130000,3750,3750,12xlarge,r5b,16000,130000,Y,Y,8,M,Y
db.r5b.12xlarge,13,SE,48,384,30000,130000,3750,3750,12xlarge,r5b,16000,130000,Y,Y,8,M,Y
db.r5b.12xlarge,14,EE,48,384,30000,130000,3750,3750,12xlarge,r5b,16000,130000,Y,Y,8,M,Y
db.r5b.12xlarge,14,SE,48,384,30000,130000,3750,3750,12xlarge,r5b,16000,130000,Y,Y,8,M,Y
db.r5b.12xlarge,15,EE,48,384,30000,130000,3750,3750,12xlarge,r5b,16000,130000,Y,Y,8,M,Y
db.r5b.12xlarge,15,SE,48,384,30000,130000,3750,3750,12xlarge,r5b,16000,130000,Y,Y,8,M,Y
db.r5b.12xlarge,16,EE,48,384,30000,130000,3750,3750,12xlarge,r5b,16000,130000,Y,Y,8,M,Y
db.r5b.12xlarge,16,SE,48,384,30000,130000,3750,3750,12xlarge,r5b,16000,130000,Y,Y,8,M,Y
db.r5d.12xlarge,12,EE,48,384,9500,40000,1188,1187,12xlarge,r5d,16000,40000,N,Y,8,M,Y
db.r5d.12xlarge,12,SE,48,384,9500,40000,1188,1187,12xlarge,r5d,16000,40000,N,Y,8,M,Y
db.r5d.12xlarge,13,EE,48,384,9500,40000,1188,1187,12xlarge,r5d,16000,40000,N,Y,8,M,Y
db.r5d.12xlarge,13,SE,48,384,9500,40000,1188,1187,12xlarge,r5d,16000,40000,N,Y,8,M,Y
db.r5d.12xlarge,14,EE,48,384,9500,40000,1188,1187,12xlarge,r5d,16000,40000,N,Y,8,M,Y
db.r5d.12xlarge,14,SE,48,384,9500,40000,1188,1187,12xlarge,r5d,16000,40000,N,Y,8,M,Y
db.r5d.12xlarge,15,EE,48,384,9500,40000,1188,1187,12xlarge,r5d,16000,40000,N,Y,8,M,Y
db.r5d.12xlarge,15,SE,48,384,9500,40000,1188,1187,12xlarge,r5d,16000,40000,N,Y,8,M,Y
db.r5d.12xlarge,16,EE,48,384,9500,40000,1188,1187,12xlarge,r5d,16000,40000,N,Y,8,M,Y
db.r5d.12xlarge,16,SE,48,384,9500,40000,1188,1187,12xlarge,r5d,16000,40000,N,Y,8,M,Y
db.r6i.12xlarge ,12,EE,48,384,15000,60000,1875,1875,12xlarge,r6i,16000,60000,Y,Y,8,M,Y
db.r6i.12xlarge ,13,EE,48,384,15000,60000,1875,1875,12xlarge,r6i,16000,60000,Y,Y,8,M,Y
db.r6i.12xlarge ,14,EE,48,384,15000,60000,1875,1875,12xlarge,r6i,16000,60000,Y,Y,8,M,Y
db.r6i.12xlarge ,15,EE,48,384,15000,60000,1875,1875,12xlarge,r6i,16000,60000,Y,Y,8,M,Y
db.r6i.12xlarge ,16,EE,48,384,15000,60000,1875,1875,12xlarge,r6i,16000,60000,Y,Y,8,M,Y
db.z1d.12xlarge,13,EE,48,384,19000,80000,2375,2375,12xlarge,z1d,16000,80000,Y,Y,8,M,Y
db.z1d.12xlarge,13,SE,48,384,19000,80000,2375,2375,12xlarge,z1d,16000,80000,Y,Y,8,M,Y
db.z1d.12xlarge,14,EE,48,384,19000,80000,2375,2375,12xlarge,z1d,16000,80000,Y,Y,8,M,Y
db.z1d.12xlarge,14,SE,48,384,19000,80000,2375,2375,12xlarge,z1d,16000,80000,Y,Y,8,M,Y
db.z1d.12xlarge,15,EE,48,384,19000,80000,2375,2375,12xlarge,z1d,16000,80000,Y,Y,8,M,Y
db.z1d.12xlarge,15,SE,48,384,19000,80000,2375,2375,12xlarge,z1d,16000,80000,Y,Y,8,M,Y
db.z1d.12xlarge,16,EE,48,384,19000,80000,2375,2375,12xlarge,z1d,16000,80000,Y,Y,8,M,Y
db.z1d.12xlarge,16,SE,48,384,19000,80000,2375,2375,12xlarge,z1d,16000,80000,Y,Y,8,M,Y
db.m5d.16xlarge,12,EE,64,256,13600,60000,1700,1700,16xlarge,m5d,16000,60000,N,Y,4,G,Y
db.m5d.16xlarge,12,SE,64,256,13600,60000,1700,1700,16xlarge,m5d,16000,60000,N,Y,4,G,Y
db.m5d.16xlarge,13,EE,64,256,13600,60000,1700,1700,16xlarge,m5d,16000,60000,N,Y,4,G,Y
db.m5d.16xlarge,13,SE,64,256,13600,60000,1700,1700,16xlarge,m5d,16000,60000,N,Y,4,G,Y
db.m5d.16xlarge,14,EE,64,256,13600,60000,1700,1700,16xlarge,m5d,16000,60000,N,Y,4,G,Y
db.m5d.16xlarge,14,SE,64,256,13600,60000,1700,1700,16xlarge,m5d,16000,60000,N,Y,4,G,Y
db.m5d.16xlarge,15,EE,64,256,13600,60000,1700,1700,16xlarge,m5d,16000,60000,N,Y,4,G,Y
db.m5d.16xlarge,15,SE,64,256,13600,60000,1700,1700,16xlarge,m5d,16000,60000,N,Y,4,G,Y
db.m5d.16xlarge,16,EE,64,256,13600,60000,1700,1700,16xlarge,m5d,16000,60000,N,Y,4,G,Y
db.m5d.16xlarge,16,SE,64,256,13600,60000,1700,1700,16xlarge,m5d,16000,60000,N,Y,4,G,Y
db.m6i.16xlarge ,12,EE,64,256,20000,80000,2500,2500,16xlarge,m6i,16000,80000,Y,Y,4,G,Y
db.m6i.16xlarge ,13,EE,64,256,20000,80000,2500,2500,16xlarge,m6i,16000,80000,Y,Y,4,G,Y
db.m6i.16xlarge ,14,EE,64,256,20000,80000,2500,2500,16xlarge,m6i,16000,80000,Y,Y,4,G,Y
db.m6i.16xlarge ,15,EE,64,256,20000,80000,2500,2500,16xlarge,m6i,16000,80000,Y,Y,4,G,Y
db.m6i.16xlarge ,16,EE,64,256,20000,80000,2500,2500,16xlarge,m6i,16000,80000,Y,Y,4,G,Y
db.r5b.16xlarge,12,EE,64,512,40000,173333,5000,5000,16xlarge,r5b,16000,173333,Y,Y,8,M,Y
db.r5b.16xlarge,12,SE,64,512,40000,173333,5000,5000,16xlarge,r5b,16000,173333,Y,Y,8,M,Y
db.r5b.16xlarge,13,EE,64,512,40000,173333,5000,5000,16xlarge,r5b,16000,173333,Y,Y,8,M,Y
db.r5b.16xlarge,13,SE,64,512,40000,173333,5000,5000,16xlarge,r5b,16000,173333,Y,Y,8,M,Y
db.r5b.16xlarge,14,EE,64,512,40000,173333,5000,5000,16xlarge,r5b,16000,173333,Y,Y,8,M,Y
db.r5b.16xlarge,14,SE,64,512,40000,173333,5000,5000,16xlarge,r5b,16000,173333,Y,Y,8,M,Y
db.r5b.16xlarge,15,EE,64,512,40000,173333,5000,5000,16xlarge,r5b,16000,173333,Y,Y,8,M,Y
db.r5b.16xlarge,15,SE,64,512,40000,173333,5000,5000,16xlarge,r5b,16000,173333,Y,Y,8,M,Y
db.r5b.16xlarge,16,EE,64,512,40000,173333,5000,5000,16xlarge,r5b,16000,173333,Y,Y,8,M,Y
db.r5b.16xlarge,16,SE,64,512,40000,173333,5000,5000,16xlarge,r5b,16000,173333,Y,Y,8,M,Y
db.r5d.16xlarge,12,EE,64,512,13600,60000,1700,1700,16xlarge,r5d,16000,60000,N,Y,8,M,Y
db.r5d.16xlarge,12,SE,64,512,13600,60000,1700,1700,16xlarge,r5d,16000,60000,N,Y,8,M,Y
db.r5d.16xlarge,13,EE,64,512,13600,60000,1700,1700,16xlarge,r5d,16000,60000,N,Y,8,M,Y
db.r5d.16xlarge,13,SE,64,512,13600,60000,1700,1700,16xlarge,r5d,16000,60000,N,Y,8,M,Y
db.r5d.16xlarge,14,EE,64,512,13600,60000,1700,1700,16xlarge,r5d,16000,60000,N,Y,8,M,Y
db.r5d.16xlarge,14,SE,64,512,13600,60000,1700,1700,16xlarge,r5d,16000,60000,N,Y,8,M,Y
db.r5d.16xlarge,15,EE,64,512,13600,60000,1700,1700,16xlarge,r5d,16000,60000,N,Y,8,M,Y
db.r5d.16xlarge,15,SE,64,512,13600,60000,1700,1700,16xlarge,r5d,16000,60000,N,Y,8,M,Y
db.r5d.16xlarge,16,EE,64,512,13600,60000,1700,1700,16xlarge,r5d,16000,60000,N,Y,8,M,Y
db.r5d.16xlarge,16,SE,64,512,13600,60000,1700,1700,16xlarge,r5d,16000,60000,N,Y,8,M,Y
db.r6i.16xlarge ,12,EE,64,512,20000,80000,2500,2500,16xlarge,r6i,16000,80000,Y,Y,8,M,Y
db.r6i.16xlarge ,13,EE,64,512,20000,80000,2500,2500,16xlarge,r6i,16000,80000,Y,Y,8,M,Y
db.r6i.16xlarge ,14,EE,64,512,20000,80000,2500,2500,16xlarge,r6i,16000,80000,Y,Y,8,M,Y
db.r6i.16xlarge ,15,EE,64,512,20000,80000,2500,2500,16xlarge,r6i,16000,80000,Y,Y,8,M,Y
db.r6i.16xlarge ,16,EE,64,512,20000,80000,2500,2500,16xlarge,r6i,16000,80000,Y,Y,8,M,Y
db.x2iedn.16xlarge,12,EE,64,2048,40000,65000,5000,5000,16xlarge,x2iedn,16000,130000,Y,Y,32,M,Y
db.x2iedn.16xlarge,12,SE,64,2048,40000,65000,5000,5000,16xlarge,x2iedn,16000,130000,Y,Y,32,M,Y
db.x2iedn.16xlarge,13,EE,64,2048,40000,65000,5000,5000,16xlarge,x2iedn,16000,130000,Y,Y,32,M,Y
db.x2iedn.16xlarge,13,SE,64,2048,40000,65000,5000,5000,16xlarge,x2iedn,16000,130000,Y,Y,32,M,Y
db.x2iedn.16xlarge,14,EE,64,2048,40000,65000,5000,5000,16xlarge,x2iedn,16000,130000,Y,Y,32,M,Y
db.x2iedn.16xlarge,14,SE,64,2048,40000,65000,5000,5000,16xlarge,x2iedn,16000,130000,Y,Y,32,M,Y
db.x2iedn.16xlarge,15,EE,64,2048,40000,65000,5000,5000,16xlarge,x2iedn,16000,130000,Y,Y,32,M,Y
db.x2iedn.16xlarge,15,SE,64,2048,40000,65000,5000,5000,16xlarge,x2iedn,16000,130000,Y,Y,32,M,Y
db.x2iedn.16xlarge,16,EE,64,2048,40000,65000,5000,5000,16xlarge,x2iedn,16000,130000,Y,Y,32,M,Y
db.x2iedn.16xlarge,16,SE,64,2048,40000,65000,5000,5000,16xlarge,x2iedn,16000,130000,Y,Y,32,M,Y
db.m5d.24xlarge,12,EE,96,384,19000,80000,2375,2375,24xlarge,m5d,16000,80000,N,Y,4,G,Y
db.m5d.24xlarge,12,SE,96,384,19000,80000,2375,2375,24xlarge,m5d,16000,80000,N,Y,4,G,Y
db.m5d.24xlarge,13,EE,96,384,19000,80000,2375,2375,24xlarge,m5d,16000,80000,N,Y,4,G,Y
db.m5d.24xlarge,13,SE,96,384,19000,80000,2375,2375,24xlarge,m5d,16000,80000,N,Y,4,G,Y
db.m5d.24xlarge,14,EE,96,384,19000,80000,2375,2375,24xlarge,m5d,16000,80000,N,Y,4,G,Y
db.m5d.24xlarge,14,SE,96,384,19000,80000,2375,2375,24xlarge,m5d,16000,80000,N,Y,4,G,Y
db.m5d.24xlarge,15,EE,96,384,19000,80000,2375,2375,24xlarge,m5d,16000,80000,N,Y,4,G,Y
db.m5d.24xlarge,15,SE,96,384,19000,80000,2375,2375,24xlarge,m5d,16000,80000,N,Y,4,G,Y
db.m5d.24xlarge,16,EE,96,384,19000,80000,2375,2375,24xlarge,m5d,16000,80000,N,Y,4,G,Y
db.m5d.24xlarge,16,SE,96,384,19000,80000,2375,2375,24xlarge,m5d,16000,80000,N,Y,4,G,Y
db.m6i.24xlarge ,12,EE,96,384,30000,120000,3750,3750,24xlarge,m6i,16000,120000,Y,Y,4,G,Y
db.m6i.24xlarge ,13,EE,96,384,30000,120000,3750,3750,24xlarge,m6i,16000,120000,Y,Y,4,G,Y
db.m6i.24xlarge ,14,EE,96,384,30000,120000,3750,3750,24xlarge,m6i,16000,120000,Y,Y,4,G,Y
db.m6i.24xlarge ,15,EE,96,384,30000,120000,3750,3750,24xlarge,m6i,16000,120000,Y,Y,4,G,Y
db.m6i.24xlarge ,16,EE,96,384,30000,120000,3750,3750,24xlarge,m6i,16000,120000,Y,Y,4,G,Y
db.r5b.24xlarge,12,EE,96,768,60000,260000,7500,7500,24xlarge,r5b,16000,260000,Y,Y,8,M,Y
db.r5b.24xlarge,12,SE,96,768,60000,260000,7500,7500,24xlarge,r5b,16000,260000,Y,Y,8,M,Y
db.r5b.24xlarge,13,EE,96,768,60000,260000,7500,7500,24xlarge,r5b,16000,260000,Y,Y,8,M,Y
db.r5b.24xlarge,13,SE,96,768,60000,260000,7500,7500,24xlarge,r5b,16000,260000,Y,Y,8,M,Y
db.r5b.24xlarge,14,EE,96,768,60000,260000,7500,7500,24xlarge,r5b,16000,260000,Y,Y,8,M,Y
db.r5b.24xlarge,14,SE,96,768,60000,260000,7500,7500,24xlarge,r5b,16000,260000,Y,Y,8,M,Y
db.r5b.24xlarge,15,EE,96,768,60000,260000,7500,7500,24xlarge,r5b,16000,260000,Y,Y,8,M,Y
db.r5b.24xlarge,15,SE,96,768,60000,260000,7500,7500,24xlarge,r5b,16000,260000,Y,Y,8,M,Y
db.r5b.24xlarge,16,EE,96,768,60000,260000,7500,7500,24xlarge,r5b,16000,260000,Y,Y,8,M,Y
db.r5b.24xlarge,16,SE,96,768,60000,260000,7500,7500,24xlarge,r5b,16000,260000,Y,Y,8,M,Y
db.r5d.24xlarge,12,EE,96,768,19000,80000,2375,2375,24xlarge,r5d,16000,80000,N,Y,8,M,Y
db.r5d.24xlarge,12,SE,96,768,19000,80000,2375,2375,24xlarge,r5d,16000,80000,N,Y,8,M,Y
db.r5d.24xlarge,13,EE,96,768,19000,80000,2375,2375,24xlarge,r5d,16000,80000,N,Y,8,M,Y
db.r5d.24xlarge,13,SE,96,768,19000,80000,2375,2375,24xlarge,r5d,16000,80000,N,Y,8,M,Y
db.r5d.24xlarge,14,EE,96,768,19000,80000,2375,2375,24xlarge,r5d,16000,80000,N,Y,8,M,Y
db.r5d.24xlarge,14,SE,96,768,19000,80000,2375,2375,24xlarge,r5d,16000,80000,N,Y,8,M,Y
db.r5d.24xlarge,15,EE,96,768,19000,80000,2375,2375,24xlarge,r5d,16000,80000,N,Y,8,M,Y
db.r5d.24xlarge,15,SE,96,768,19000,80000,2375,2375,24xlarge,r5d,16000,80000,N,Y,8,M,Y
db.r5d.24xlarge,16,EE,96,768,19000,80000,2375,2375,24xlarge,r5d,16000,80000,N,Y,8,M,Y
db.r5d.24xlarge,16,SE,96,768,19000,80000,2375,2375,24xlarge,r5d,16000,80000,N,Y,8,M,Y
db.r6i.24xlarge ,12,EE,96,768,30000,120000,3750,3750,24xlarge,r6i,16000,120000,Y,Y,8,M,Y
db.r6i.24xlarge ,13,EE,96,768,30000,120000,3750,3750,24xlarge,r6i,16000,120000,Y,Y,8,M,Y
db.r6i.24xlarge ,14,EE,96,768,30000,120000,3750,3750,24xlarge,r6i,16000,120000,Y,Y,8,M,Y
db.r6i.24xlarge ,15,EE,96,768,30000,120000,3750,3750,24xlarge,r6i,16000,120000,Y,Y,8,M,Y
db.r6i.24xlarge ,16,EE,96,768,30000,120000,3750,3750,24xlarge,r6i,16000,120000,Y,Y,8,M,Y
db.x2iedn.24xlarge,12,EE,96,3072,60000,65000,7500,7500,24xlarge,x2iedn,16000,195000,Y,Y,32,M,Y
db.x2iedn.24xlarge,12,SE,96,3072,60000,65000,7500,7500,24xlarge,x2iedn,16000,195000,Y,Y,32,M,Y
db.x2iedn.24xlarge,13,EE,96,3072,60000,65000,7500,7500,24xlarge,x2iedn,16000,195000,Y,Y,32,M,Y
db.x2iedn.24xlarge,13,SE,96,3072,60000,65000,7500,7500,24xlarge,x2iedn,16000,195000,Y,Y,32,M,Y
db.x2iedn.24xlarge,14,EE,96,3072,60000,65000,7500,7500,24xlarge,x2iedn,16000,195000,Y,Y,32,M,Y
db.x2iedn.24xlarge,14,SE,96,3072,60000,65000,7500,7500,24xlarge,x2iedn,16000,195000,Y,Y,32,M,Y
db.x2iedn.24xlarge,15,EE,96,3072,60000,65000,7500,7500,24xlarge,x2iedn,16000,195000,Y,Y,32,M,Y
db.x2iedn.24xlarge,15,SE,96,3072,60000,65000,7500,7500,24xlarge,x2iedn,16000,195000,Y,Y,32,M,Y
db.x2iedn.24xlarge,16,EE,96,3072,60000,65000,7500,7500,24xlarge,x2iedn,16000,195000,Y,Y,32,M,Y
db.x2iedn.24xlarge,16,SE,96,3072,60000,65000,7500,7500,24xlarge,x2iedn,16000,195000,Y,Y,32,M,Y
db.m6i.32xlarge ,12,EE,128,512,40000,160000,5000,5000,32xlarge,m6i,16000,160000,Y,Y,4,G,Y
db.m6i.32xlarge ,13,EE,128,512,40000,160000,5000,5000,32xlarge,m6i,16000,160000,Y,Y,4,G,Y
db.m6i.32xlarge ,14,EE,128,512,40000,160000,5000,5000,32xlarge,m6i,16000,160000,Y,Y,4,G,Y
db.m6i.32xlarge ,15,EE,128,512,40000,160000,5000,5000,32xlarge,m6i,16000,160000,Y,Y,4,G,Y
db.m6i.32xlarge ,16,EE,128,512,40000,160000,5000,5000,32xlarge,m6i,16000,160000,Y,Y,4,G,Y
db.r6i.32xlarge ,12,EE,128,1024,40000,160000,5000,5000,32xlarge,r6i,16000,160000,Y,Y,8,M,Y
db.r6i.32xlarge ,13,EE,128,1024,40000,160000,5000,5000,32xlarge,r6i,16000,160000,Y,Y,8,M,Y
db.r6i.32xlarge ,14,EE,128,1024,40000,160000,5000,5000,32xlarge,r6i,16000,160000,Y,Y,8,M,Y
db.r6i.32xlarge ,15,EE,128,1024,40000,160000,5000,5000,32xlarge,r6i,16000,160000,Y,Y,8,M,Y
db.r6i.32xlarge ,16,EE,128,1024,40000,160000,5000,5000,32xlarge,r6i,16000,160000,Y,Y,8,M,Y
db.x2iedn.32xlarge,12,EE,128,4096,80000,65000,10000,10000,32xlarge,x2iedn,16000,260000,Y,Y,32,M,Y
db.x2iedn.32xlarge,12,SE,128,4096,80000,65000,10000,10000,32xlarge,x2iedn,16000,260000,Y,Y,32,M,Y
db.x2iedn.32xlarge,13,EE,128,4096,80000,65000,10000,10000,32xlarge,x2iedn,16000,260000,Y,Y,32,M,Y
db.x2iedn.32xlarge,13,SE,128,4096,80000,65000,10000,10000,32xlarge,x2iedn,16000,260000,Y,Y,32,M,Y
db.x2iedn.32xlarge,14,EE,128,4096,80000,65000,10000,10000,32xlarge,x2iedn,16000,260000,Y,Y,32,M,Y
db.x2iedn.32xlarge,14,SE,128,4096,80000,65000,10000,10000,32xlarge,x2iedn,16000,260000,Y,Y,32,M,Y
db.x2iedn.32xlarge,15,EE,128,4096,80000,65000,10000,10000,32xlarge,x2iedn,16000,260000,Y,Y,32,M,Y
db.x2iedn.32xlarge,15,SE,128,4096,80000,65000,10000,10000,32xlarge,x2iedn,16000,260000,Y,Y,32,M,Y
db.x2iedn.32xlarge,16,EE,128,4096,80000,65000,10000,10000,32xlarge,x2iedn,16000,260000,Y,Y,32,M,Y
db.x2iedn.32xlarge,16,SE,128,4096,80000,65000,10000,10000,32xlarge,x2iedn,16000,260000,Y,Y,32,M,Y
